<?xml version="1.0" encoding="UTF-8"?>

<configuration>
  <appender name="consoleLogs" class="ch.qos.logback.core.ConsoleAppender">                                                                                                                                                                        
    <encoder>                                                                                                                                                                                                                                 
      <pattern>%d{"yyyy-MM-dd'T'HH:mm:ss,SSS"} [%thread] %-5level %logger{35} - %msg %n</pattern>                                                                                                                                                             
    </encoder>                                                                                                                                                                                                                                
  </appender>

    <appender name="fileAppender" class="ch.qos.logback.core.FileAppender">
        <file>week3-assigment.log</file>
        <append>true</append>
        <encoder>
            <pattern>%d{"yyyy-MM-dd'T'HH:mm:ss,SSS"} [%thread] %-5level %logger{35} - %msg %n</pattern>
        </encoder>
    </appender>
    
    <root level="error">
        <appender-ref ref="consoleLogs"/>
    </root>
    
    <logger name="com.pavuluri.GraphExample" level="TRACE" additivity="true">
            <appender-ref ref="fileAppender" />
    </logger>
    
    <logger name="com.pavuluri.GraphExample" level="INFO" additivity="true">
            <appender-ref ref="fileAppender" />
    </logger>
    
</configuration>
